Distributor,Theaters_x,Movie_years,Movie_budget,Movie_aspect_ratio,Movie_runtime,Movie_director,Movie_director_credit,Movie_director_awords_Oscars,Movie_director_awords_win,Movie_director_awords_nominations,Movie_actor_1_name,Movie_actor_1_credit,Movie_actor_1_awords_Oscars,Movie_actor_1_awords_win,Movie_actor_1_awords_nominations,Movie_actor_2_name,Movie_actor_2_credit,Movie_actor_2_awords_Oscars,Movie_actor_2_awords_win,Movie_actor_2_awords_nominations,Movie_actor_3_name,Movie_actor_3_credit,Movie_actor_3_awords_Oscars,Movie_actor_3_awords_win,Movie_actor_3_awords_nominations,Movie_music_names,Movie_music_credit,Movie_music_awords_Oscars,Movie_music_awords_win,Movie_music_awords_nominations,Movie_writter_names,Movie_writter_credit,Movie_writter_awords_Oscars,Movie_writter_awords_wins,Movie_writter_awords_nominations,Movie_cinematography_name,Movie_cinematography_credit,Movie_cinematography_aword_Oscars,Movie_cinematography_aword_win,Movie_cinematography_aword_nominations,Movie_costume_name,Movie_costume_credit,Movie_costume_aword_Oscars,Movie_costume_aword_win,Movie_costume_aword_nominations
10,4137,2012,78000000,2.35,142,148,2,4,8,19,393,87,1,20,45,659,22,1,5,10,335,0,1,109,1,88,93,8,61,89,199,10,4,8,19,340,22,1,3,19,189,32,3,5,15
23,4024,2009,50000000,2.35,130,69,5,1,3,23,259,0,0,51,73,105,0,0,0,0,636,8,0,48,0,8,33,2,90,261,411,0,0,0,0,143,81,1,12,1,381,30,0,0,1
10,4070,2012,120000000,2.35,115,36,15,1,9,34,259,0,0,51,73,538,15,0,48,74,700,19,0,19,0,27,51,2,20,67,411,0,0,0,0,118,38,1,8,16,284,24,1,4,21
16,4380,2010,200000000,2.39,124,219,10,2,9,16,361,74,2,31,104,219,0,1,11,41,192,63,1,25,1,101,87,1,21,15,341,2,2,1,9,216,48,2,3,37,264,31,3,7,31
16,4380,2010,200000000,2.39,124,219,10,2,9,16,361,74,2,31,104,219,0,1,11,41,192,63,1,25,1,101,87,1,21,15,341,2,2,1,9,216,48,2,3,37,264,31,3,7,31
10,4151,2014,125000000,2.35,123,136,79,0,5,16,204,0,1,111,177,332,36,0,19,24,446,15,1,6,1,88,96,8,63,91,476,1,0,0,9,154,29,0,1,1,218,18,0,0,5
30,3728,2010,200000000,1.85,108,440,31,2,16,63,228,57,3,66,137,442,0,0,7,41,277,0,2,34,2,44,78,4,69,90,377,30,0,1,6,61,50,0,1,29,74,51,4,26,56
30,3728,2010,200000000,1.85,108,440,31,2,16,63,228,57,3,66,137,442,0,0,7,41,277,0,2,34,2,44,78,4,69,90,377,30,0,1,6,61,50,0,1,29,74,51,4,26,56
29,4370,2016,75000000,1.85,87,66,6,2,0,11,279,31,2,20,82,183,43,3,2,18,415,63,1,12,1,8,67,2,97,268,107,16,0,1,3,180,0,0,1,1,142,0,0,0,0
30,4028,2016,175000000,1.85,106,219,17,2,4,11,323,2,0,1,6,51,81,1,48,100,61,121,1,42,1,101,99,1,27,21,340,6,0,0,1,25,50,1,3,9,223,31,0,0,4
10,4175,2015,160000000,2.35,137,136,80,0,5,16,204,0,1,112,178,332,38,0,19,24,446,17,1,0,1,88,99,8,64,92,476,2,0,0,9,154,30,0,1,1,218,19,0,0,5
16,4233,2014,210000000,2.39,165,289,53,0,9,15,290,52,2,16,70,597,100,1,22,47,408,77,3,19,3,200,34,0,8,3,178,15,0,1,4,9,24,0,0,2,251,32,0,0,0
30,4080,2014,170000000,2.39,121,181,13,0,15,12,85,32,0,17,37,673,0,0,16,61,166,39,0,3,0,217,20,0,6,8,250,22,0,15,12,20,0,0,0,0,6,12,1,7,39
30,4155,2011,250000000,2.39,137,371,6,1,7,11,228,59,3,67,138,500,0,1,49,117,253,49,1,35,1,75,95,1,112,235,579,36,1,3,13,61,51,0,1,29,315,36,1,3,18
30,3841,2013,170000000,2.39,112,4,31,1,7,14,83,17,0,13,45,469,0,1,85,134,718,25,1,6,1,25,57,2,8,13,102,8,0,0,3,187,55,6,2,6,398,62,1,3,8
31,4045,2012,180000000,2.39,169,343,19,3,127,130,168,91,2,44,53,425,54,1,1,28,615,30,0,5,0,83,65,3,78,105,191,12,3,35,55,13,45,1,18,26,38,0,0,0,0
30,3912,2013,215000000,2.39,130,393,32,0,14,21,183,72,1,43,136,457,0,1,6,52,602,0,1,36,1,44,85,4,72,93,439,5,0,0,0,248,48,1,2,10,134,0,0,0,1
31,4325,2009,250000000,2.39,153,111,17,1,3,8,102,11,0,15,46,450,124,1,9,10,167,21,0,0,0,165,0,0,4,6,564,8,1,7,26,34,15,5,1,45,164,60,1,5,12
26,3452,2005,125000000,2.39,23,384,25,2,22,60,414,49,2,73,182,44,0,2,11,19,283,70,2,38,2,75,68,1,107,230,12,10,1,8,16,298,20,0,0,1,87,24,1,1,13
26,3452,2005,125000000,2.39,23,384,25,2,22,60,414,49,2,73,182,44,0,2,11,19,283,70,2,38,2,75,68,1,107,230,12,10,1,8,16,298,20,0,0,1,87,24,1,1,13
16,3849,1966,162000000,2.39,50,348,25,0,2,5,342,108,1,6,22,188,0,1,3,40,511,79,0,13,0,32,22,1,1,22,94,0,0,0,3,59,71,2,18,24,239,57,0,0,4
26,3967,2014,170000000,1.85,130,284,10,0,2,9,22,81,1,34,47,273,52,0,3,10,250,83,1,53,1,148,30,1,74,102,386,8,0,0,0,227,29,1,2,5,276,15,0,0,1
26,3967,2014,170000000,1.85,130,284,10,0,2,9,22,81,1,34,47,273,52,0,3,10,250,83,1,53,1,148,30,1,74,102,386,8,0,0,0,227,29,1,2,5,276,15,0,0,1
5,4359,2010,165000000,2.39,93,302,0,0,0,0,313,44,1,17,32,168,53,1,30,87,100,0,4,18,4,78,58,1,9,26,333,1,0,0,1,351,1,0,0,0,324,0,0,0,0
22,3929,2015,245000000,2.39,148,392,8,1,53,67,100,61,1,8,32,110,105,2,77,36,461,0,0,17,0,210,57,15,59,110,306,19,3,1,30,125,20,1,14,95,164,67,1,5,12
16,3868,2013,190000000,2.39,132,175,11,2,16,50,84,26,1,7,32,672,37,1,2,19,755,0,0,16,0,148,28,1,73,101,511,13,0,3,7,55,18,0,0,0,282,38,1,2,14
16,3607,2013,190000000,2.39,116,272,10,1,6,13,54,67,2,109,200,459,0,1,0,0,161,0,0,0,0,131,43,2,11,30,404,3,0,0,3,22,13,0,0,1,272,14,1,2,8
22,3404,2009,200000000,2.39,158,382,13,0,19,17,224,56,1,7,20,14,0,0,2,7,125,27,1,47,1,76,6,0,0,3,513,13,0,19,17,78,68,1,2,-2,359,45,2,0,1
23,4468,2010,68000000,2.35,124,108,18,0,4,10,441,8,0,4,4,381,0,0,51,73,636,10,0,48,0,83,60,3,76,103,411,0,0,0,0,143,84,1,13,2,381,31,0,0,1
31,3792,2010,160000000,2.39,148,74,10,5,128,213,266,34,1,88,241,328,53,2,11,56,215,24,1,32,1,75,92,1,111,234,106,10,5,128,213,347,40,1,15,29,167,36,1,3,6
29,2757,2015,28000000,2.39,147,133,35,0,7,11,330,1,0,4,5,120,9,1,2,6,322,4,0,11,0,114,45,0,7,8,323,0,1,1,3,216,61,2,8,42,208,22,0,0,1
16,3928,2016,185000000,2.35,122,239,16,0,3,7,84,39,1,2,27,672,46,1,5,22,394,38,0,8,0,148,37,1,76,104,549,21,0,12,23,312,38,1,3,2,348,38,0,0,2
29,4026,2016,120000000,2.39,123,330,17,1,34,66,295,73,1,29,141,641,76,1,37,85,22,0,1,46,1,48,16,1,1,2,463,9,1,34,66,18,75,1,8,18,257,39,2,10,27
22,3306,2014,50000000,2.35,112,352,4,1,20,15,230,43,2,1,54,88,36,0,23,57,589,135,0,3,0,136,30,2,14,4,412,5,0,0,11,19,12,0,0,0,228,25,0,0,1
29,3773,2012,170000000,2.39,127,387,3,0,1,2,259,0,0,51,73,94,14,0,13,45,122,0,1,57,1,88,93,8,61,89,189,1,0,1,1,117,27,1,6,11,74,55,4,28,58
29,3773,2012,170000000,2.39,127,387,3,0,1,2,259,0,0,51,73,94,14,0,13,45,122,0,1,57,1,88,93,8,61,89,189,1,0,1,1,117,27,1,6,11,74,55,4,28,58
30,3761,2014,165000000,2.39,102,119,1,1,1,13,385,68,0,2,13,557,3,0,0,3,159,15,0,6,0,81,17,0,11,17,327,4,0,2,5,267,3,0,0,1,350,0,0,0,0
31,3575,2013,100000000,2.39,91,9,22,4,242,188,380,0,1,68,108,211,78,2,83,197,203,81,4,20,4,202,40,1,11,24,21,10,4,242,188,97,36,3,136,71,164,65,1,5,12
16,3956,2015,150000000,2.39,131,72,2,1,3,1,413,39,3,48,76,296,46,2,28,54,680,77,0,12,0,99,10,0,3,1,79,20,2,1,7,275,76,1,10,34,178,26,2,1,19
31,3611,2019,74000000,1.85,527,331,1,8,2,3,34,89,1,56,77,182,120,0,8,27,712,126,1,4,1,101,97,1,26,20,320,12,1,1,3,259,53,1,3,2,336,12,0,0,0
30,3929,2008,225000000,2.39,150,11,6,1,7,21,41,4,0,0,5,212,0,0,3,10,681,4,0,1,0,78,51,1,7,24,29,5,1,7,21,177,38,1,0,2,151,42,1,2,6
29,3239,2012,50000000,1.85,106,400,8,1,15,50,290,46,2,14,68,457,0,1,5,51,672,38,1,15,1,220,17,1,0,2,543,15,1,15,50,221,33,0,1,4,100,68,3,0,3
26,3924,2013,120000000,2.39,126,182,11,2,3,19,167,38,1,23,93,613,0,0,0,0,626,0,0,0,0,131,43,2,11,30,386,7,0,0,0,293,11,0,2,1,151,48,1,2,6
26,3396,2012,130000000,2.39,124,367,39,4,35,85,329,0,1,4,9,449,36,2,69,139,122,0,1,57,1,129,25,0,4,5,318,1,0,0,4,61,53,0,1,29,163,23,1,2,13
29,3175,2008,75000000,2.39,110,445,11,0,11,19,185,28,1,6,24,461,87,1,51,66,36,0,1,44,1,44,73,4,67,88,415,4,0,0,0,232,4,0,0,0,392,4,0,0,0
16,3081,2010,20000000,1.78,95,193,10,0,0,0,229,18,0,0,14,46,13,0,0,3,649,8,0,1,0,9,5,0,0,0,272,9,0,0,0,191,31,0,0,0,335,0,0,0,2
31,3535,2013,105000000,2.39,143,29,13,1,27,43,276,0,0,0,0,194,3,0,0,0,27,195,0,83,0,39,24,1,5,4,49,11,1,27,43,307,10,0,5,13,61,13,4,33,25
29,3279,2014,18000000,2.35,97,314,4,0,2,8,387,55,1,6,28,547,0,2,6,22,213,0,0,0,0,144,5,0,3,1,31,3,0,0,1,30,73,0,2,2,228,25,0,0,1
30,3603,2010,260000000,1.85,100,308,1,0,1,4,285,0,1,0,13,671,22,0,3,20,196,0,0,2,0,3,22,8,36,86,120,6,3,3,8,332,0,0,1,4,316,0,3,0,7
16,3561,2014,165000000,2.39,169,74,12,5,132,217,126,0,1,34,65,433,54,1,41,78,463,0,0,4,0,75,107,1,115,238,325,6,1,3,27,125,19,1,13,94,264,37,3,0,24
30,3451,2010,170000000,2.39,125,232,1,0,0,1,198,77,1,37,101,202,7,0,4,7,569,0,0,24,0,209,1,0,6,7,176,7,3,1,9,48,17,1,13,16,64,4,0,0,1
5,4055,2010,165000000,2.35,98,113,2,3,8,30,197,26,0,5,12,213,35,0,4,17,151,44,1,3,1,108,14,1,31,61,607,13,0,3,3,111,0,0,0,0,184,0,0,0,0
22,3349,2012,85000000,1.85,106,155,18,4,3,16,3,49,1,55,114,25,51,1,7,45,669,0,0,42,0,136,29,2,12,2,473,23,1,2,4,37,1,0,0,1,308,0,0,0,0
29,2663,2014,25000000,2.35,112,444,53,0,0,6,170,60,0,9,26,372,53,1,10,35,361,102,1,7,1,33,29,1,0,-3,218,3,0,0,1,192,12,0,0,0,355,3,0,0,0
22,3491,2013,80000000,1.85,112,116,36,0,1,4,3,51,1,56,115,373,23,1,1,13,132,55,4,8,4,191,21,2,4,0,195,13,0,0,2,327,94,0,3,2,117,39,0,0,0
16,2991,2010,80000000,2.39,108,282,48,1,157,268,266,34,1,88,241,421,44,3,20,115,61,91,1,36,1,184,0,3,8,119,364,4,0,1,8,326,0,3,27,72,203,0,1,2,3
22,3534,2010,80000000,1.85,161,116,33,0,1,4,3,45,1,53,112,373,18,1,1,13,132,49,4,5,4,191,21,2,1,-3,9,16,1,53,112,327,86,0,3,2,117,34,0,0,0
16,3169,2010,150000000,2.35,91,270,8,2,5,31,327,0,0,0,1,148,5,1,8,42,556,0,0,1,0,88,92,8,59,87,383,9,2,5,31,13,43,1,16,24,189,29,3,5,15
29,3119,2012,85000000,2.35,112,86,7,0,3,3,110,50,2,75,167,558,49,1,9,43,734,0,1,12,1,175,20,2,11,17,143,0,0,0,0,240,47,0,0,1,371,20,0,0,1
16,3411,2008,25000000,1.85,103,284,8,0,2,9,277,0,1,2,10,301,0,0,0,1,699,1,0,1,0,145,0,1,0,6,170,4,1,4,38,186,0,0,0,2,277,0,0,0,0
29,3745,2012,125000000,2.39,110,453,2,2,3,40,207,37,2,25,51,572,88,0,0,1,686,166,1,0,1,88,93,8,61,89,593,15,2,3,40,275,73,1,7,31,359,50,2,0,1
29,3745,2012,125000000,2.39,110,453,2,2,3,40,207,37,2,25,51,572,88,0,0,1,686,166,1,0,1,88,93,8,61,89,593,15,2,3,40,275,73,1,7,31,359,50,2,0,1
16,3917,2011,135000000,1.78,113,162,18,1,9,12,228,59,3,67,138,247,0,0,4,11,1,0,1,15,1,75,95,1,112,235,306,13,3,7,36,287,76,2,157,150,149,0,0,0,1
26,3014,2014,61000000,2.39,135,97,90,2,60,132,40,56,2,64,108,545,0,1,24,52,550,90,4,18,4,213,11,1,39,93,216,0,1,18,20,146,36,2,1,28,388,14,1,3,14
25,3049,2009,30000000,1.85,116,312,9,1,2,24,390,2,0,1,12,274,7,0,0,0,545,0,0,0,0,38,17,0,9,4,443,3,1,2,24,343,5,1,0,3,107,59,2,3,6
31,3275,2013,190000000,1.85,107,165,12,2,90,123,78,16,0,3,5,153,44,0,0,1,285,60,1,18,1,175,22,2,12,18,596,5,0,0,2,118,40,1,0,8,200,2,0,0,4
31,3275,2013,190000000,1.85,107,165,12,2,90,123,78,16,0,3,5,153,44,0,0,1,285,60,1,18,1,175,22,2,12,18,596,5,0,0,2,118,40,1,0,8,200,2,0,0,4
29,3783,2013,120000000,2.39,95,232,2,0,0,1,413,37,3,46,74,461,99,1,56,71,565,0,0,2,0,13,0,0,10,3,343,1,0,0,0,48,19,1,16,19,258,50,0,1,1
22,3612,2010,110000000,2.39,122,353,46,0,24,10,24,0,1,46,105,399,49,6,3,27,125,29,1,48,1,88,92,8,59,87,362,11,0,0,0,275,69,1,5,29,351,0,0,0,0
22,3651,2010,100000000,2.35,100,0,13,1,20,62,438,63,2,5,80,146,2,0,0,0,477,43,2,12,2,110,7,0,6,22,8,15,1,20,62,240,46,0,0,1,55,33,0,0,1
31,3508,2016,50000000,2.35,109,360,10,0,0,2,116,75,0,15,64,372,63,1,12,37,29,0,1,34,1,125,10,1,6,54,234,1,0,0,2,19,17,0,0,0,55,44,0,0,1
29,3175,2016,40000000,2.35,107,444,56,0,0,6,170,64,0,9,26,372,63,1,12,37,711,0,0,1,0,33,30,1,2,-1,481,8,0,5,1,232,16,0,0,0,302,16,0,0,0
10,3270,2010,80000000,2.35,108,432,7,3,50,56,401,62,3,50,56,277,28,0,1,6,343,40,0,6,0,25,46,2,5,10,135,4,0,0,0,150,22,0,0,2,237,5,0,0,0
29,3141,2013,35000000,2.35,116,399,14,0,2,1,190,73,1,7,63,440,0,2,30,98,366,57,2,1,2,33,28,1,7,4,112,6,2,4,4,143,89,1,16,5,55,38,0,0,1
29,3000,2009,70000000,1.85,114,338,2,1,1,5,432,49,0,8,14,272,60,1,3,59,242,42,0,1,0,0,34,2,100,74,313,4,2,9,16,99,50,0,0,2,371,17,0,0,1
22,3236,2021,60000000,1.85,120,49,14,1,3,6,119,48,1,27,84,623,0,2,2,24,703,27,0,0,0,53,0,0,0,0,174,13,1,27,84,47,17,0,0,2,290,44,0,1,1
31,3175,2015,40000000,1.85,103,130,1,0,3,1,438,90,2,10,85,372,60,1,11,36,152,79,4,5,4,32,22,1,4,25,265,13,1,1,12,336,90,1,0,2,359,54,2,0,1
16,2285,2012,1000000,1.85,103,463,2,0,0,2,141,0,0,0,0,593,14,0,0,0,236,30,0,0,0,24,0,0,0,0,605,2,0,0,2,113,19,1,2,7,376,0,0,0,0
21,2015,2012,12000000,2.35,129,444,51,0,0,6,305,30,1,3,12,297,16,0,0,6,497,0,0,0,0,33,25,1,7,4,348,2,0,0,1,192,9,0,0,0,343,29,0,0,1
31,3545,2012,150000000,1.85,123,228,6,0,2,3,377,29,0,6,17,398,84,1,13,40,606,49,2,33,2,90,6,1,7,8,124,0,0,0,0,20,0,0,0,0,164,63,1,5,12
31,3545,2012,150000000,1.85,123,228,6,0,2,3,377,29,0,6,17,398,84,1,13,40,606,49,2,33,2,90,6,1,7,8,124,0,0,0,0,20,0,0,0,0,164,63,1,5,12
31,3111,2010,80000000,2.35,113,5,8,0,1,7,110,48,2,73,165,206,68,1,49,84,523,0,1,3,1,16,0,1,38,81,201,2,0,0,2,84,41,1,0,1,357,32,2,3,17
31,3355,2010,65000000,2.35,109,448,10,4,9,41,361,74,2,31,104,670,40,2,9,27,518,0,1,3,1,32,18,1,4,25,15,8,1,0,3,195,28,1,2,20,240,25,0,1,3
29,3222,2010,150000000,1.85,137,200,11,1,1,6,392,12,0,0,0,208,0,0,2,1,219,0,1,10,1,44,78,4,69,90,32,10,1,3,3,305,53,0,0,4,288,37,4,18,18
26,3356,2010,95000000,2.39,88,63,14,1,6,20,278,14,0,7,22,65,17,0,1,3,18,0,0,1,0,32,18,1,4,25,114,5,0,0,0,313,31,2,2,7,326,40,0,8,13
31,3445,2010,100000000,1.85,124,295,5,2,5,22,381,0,4,14,35,384,0,1,5,9,153,0,6,5,6,1,23,0,12,4,429,9,2,5,22,168,0,0,1,1,153,1,0,0,0
29,3536,2010,100000000,1.85,74,334,7,1,2,9,360,81,2,52,122,47,92,1,3,49,572,36,1,4,1,198,8,0,2,3,302,9,0,0,1,264,62,1,3,12,290,51,0,1,1
22,3119,2009,100000000,2.35,90,352,1,1,15,10,47,26,2,9,45,28,0,0,1,23,304,101,1,8,1,136,27,2,9,-1,483,6,1,15,10,276,0,0,0,2,280,0,6,2,15
29,3158,2015,35000000,2.35,125,238,14,1,12,32,89,31,1,2,1,149,0,0,0,0,104,0,0,0,0,110,8,0,6,22,27,5,1,11,40,155,34,0,4,5,209,0,0,0,0
30,3646,2010,200000000,2.39,116,303,71,1,3,2,180,23,1,25,90,207,0,0,2,14,61,91,1,36,1,78,58,1,9,26,61,7,0,5,8,167,42,1,25,42,315,33,1,3,18
31,3755,2012,150000000,1.85,113,440,32,2,18,65,228,65,3,68,139,454,0,3,16,48,277,0,2,36,2,44,81,4,71,92,542,3,0,0,0,34,17,5,4,48,74,55,4,28,58
31,3755,2012,150000000,1.85,113,440,32,2,18,65,228,65,3,68,139,454,0,3,16,48,277,0,2,36,2,44,81,4,71,92,542,3,0,0,0,34,17,5,4,48,74,55,4,28,58
10,2925,2013,75000000,2.39,115,268,10,0,0,1,209,25,1,13,50,421,51,3,24,117,749,71,3,21,3,25,57,2,8,13,173,16,0,1,2,232,13,0,0,0,172,6,1,3,6
21,2225,2014,24000000,2.35,106,444,53,0,0,6,2,54,0,4,7,448,37,1,3,12,337,21,0,0,0,33,29,1,0,-3,348,3,0,0,1,42,6,0,0,0,343,36,0,0,1
29,3090,2014,50000000,2.35,106,189,7,0,0,5,270,92,1,15,42,341,0,1,108,154,659,52,0,6,0,106,32,1,1,11,308,0,0,0,0,103,25,0,0,3,60,34,1,1,2
10,3316,2012,100000000,2.35,103,406,17,0,0,2,401,64,3,52,58,277,34,0,1,6,343,44,0,6,0,25,55,2,7,12,498,4,0,0,2,305,58,0,0,4,237,6,0,0,0
22,3401,2013,130000000,2.35,100,270,9,2,8,34,178,15,0,10,20,662,58,2,58,133,685,0,1,7,1,88,95,8,62,90,201,4,0,0,2,257,50,1,1,-3,12,25,1,1,11
31,3121,2009,40000000,2.39,82,105,44,0,1,1,52,5,0,0,1,586,0,0,0,0,555,11,0,0,0,25,41,2,4,9,181,4,0,2,1,112,50,0,1,2,72,3,0,0,0
31,3470,2012,79000000,1.78,94,42,8,0,0,3,116,60,0,15,64,445,153,2,30,58,380,29,0,19,0,12,33,0,12,5,73,3,0,0,0,76,51,1,0,2,199,0,0,0,0
30,3440,2011,110000000,2.35,127,402,27,1,4,11,167,31,1,21,91,124,12,0,1,4,238,0,1,6,1,44,80,4,70,91,299,4,1,1,6,218,24,1,5,11,258,49,0,1,1
21,3203,2010,60000000,2.39,96,333,10,0,2,3,317,0,0,3,19,9,0,0,4,7,420,107,0,3,0,227,13,0,0,1,467,8,0,2,3,112,51,0,1,2,103,36,0,1,7
31,3205,2012,95000000,1.85,85,190,11,4,8,12,438,78,2,7,82,670,49,2,11,29,325,29,1,1,1,208,9,1,6,-2,93,18,0,3,5,153,50,2,0,3,87,32,1,1,13
22,3020,2013,55000000,2.35,134,330,16,1,31,63,414,68,2,80,189,82,0,2,9,47,56,0,1,6,1,81,16,0,11,17,59,12,1,1,29,18,66,1,5,15,257,36,2,7,24
29,3334,2009,100000000,2.35,140,293,17,4,6,20,87,36,1,69,122,103,30,0,0,1,320,40,0,3,0,63,28,1,4,13,517,10,0,1,5,59,61,2,9,15,74,49,4,25,55
26,3374,2010,55000000,2.35,88,402,26,1,4,11,396,39,1,24,128,634,0,2,43,127,477,43,2,12,2,32,18,1,4,25,333,1,0,0,1,78,69,1,3,-1,258,48,0,1,1
22,3438,2011,79000000,1.85,91,116,34,0,1,4,3,46,1,54,113,2,43,1,41,110,402,0,0,5,0,191,21,2,2,-2,52,2,0,0,2,77,74,1,3,9,117,36,0,0,0
22,3222,2013,150000000,2.39,131,382,16,0,19,17,76,31,0,23,57,267,51,1,46,82,467,0,1,15,1,76,6,0,0,3,256,6,0,0,17,15,5,0,1,2,234,24,1,2,3
22,3222,2013,150000000,2.39,131,382,16,0,19,17,76,31,0,23,57,267,51,1,46,82,467,0,1,15,1,76,6,0,0,3,256,6,0,0,17,15,5,0,1,2,234,24,1,2,3
16,3047,2010,38000000,2.35,110,131,20,4,99,273,198,77,1,37,101,221,0,1,14,42,486,51,1,23,1,27,47,2,18,65,291,20,4,125,296,287,74,2,156,149,264,31,3,7,31
22,3036,2009,23600000,2.39,88,386,10,0,1,1,209,11,1,9,46,667,61,3,17,78,223,0,1,60,1,54,4,0,1,1,491,10,0,2,10,222,17,1,0,6,245,13,0,0,1
17,3039,2012,12000000,2.35,110,301,2,0,1,1,369,0,0,0,0,137,21,0,5,17,683,45,1,42,1,159,19,0,0,3,361,2,0,0,2,302,21,0,0,2,121,0,0,0,0
29,3367,2011,75000000,2.39,104,44,48,2,6,4,43,100,1,4,50,168,56,1,31,88,112,27,1,57,1,32,20,1,4,25,5,0,0,0,0,59,63,2,11,17,351,0,0,0,0
20,3215,2016,20000000,2.39,100,221,2,1,2,1,314,0,1,9,55,358,0,1,2,11,424,0,1,10,1,33,30,1,2,-1,317,11,1,2,1,153,59,2,0,3,191,29,0,0,0
31,2861,2010,37000000,2.39,125,30,3,2,60,104,40,51,2,60,104,518,0,1,0,17,367,25,2,5,2,48,8,1,1,2,476,0,0,0,9,275,69,1,5,29,371,18,0,0,1
22,3633,2015,30000000,1.85,94,16,11,0,1,2,256,24,1,1,13,512,0,0,2,5,549,97,0,4,0,191,23,2,6,2,356,5,1,1,13,78,76,1,8,4,135,39,0,0,0
26,3167,2011,21000000,2.35,100,93,4,1,0,3,445,25,0,3,6,151,44,0,3,3,597,0,0,2,0,62,26,1,6,5,196,8,0,0,0,131,40,1,8,5,395,0,1,0,3
29,3480,2016,29000000,1.85,99,31,1,0,0,1,302,0,2,33,101,380,0,1,10,50,586,64,1,21,1,33,30,1,2,-1,410,1,2,33,101,176,46,0,0,3,397,35,0,1,4
5,2911,2010,69000000,1.85,114,190,10,4,8,12,396,39,1,24,128,496,68,1,9,25,751,40,2,9,2,208,7,1,4,-4,144,1,0,0,0,153,44,2,0,3,262,28,2,2,9
26,3723,2011,75000000,1.85,87,302,0,0,0,0,192,47,2,2,20,142,87,1,6,21,336,0,0,5,0,136,28,2,11,1,320,10,1,1,3,329,45,0,0,0,7,45,0,0,0
22,3082,2010,60000000,1.85,133,391,6,6,17,62,238,0,1,49,96,239,0,0,0,0,267,0,0,0,0,45,17,1,3,40,523,5,6,17,62,283,36,3,8,119,281,0,0,0,0
8,3002,2015,10000000,2.35,97,264,0,0,6,15,111,81,0,7,9,598,0,0,4,4,38,45,0,0,0,112,7,0,2,3,370,13,0,6,15,33,42,0,5,1,25,26,0,0,0
26,3207,2010,100000000,2.35,98,455,30,2,4,13,110,48,2,73,165,96,18,1,7,32,645,0,0,11,0,78,58,1,9,26,386,5,0,0,0,22,12,0,0,1,315,33,1,3,18
29,3007,2009,75000000,1.85,146,238,8,1,6,26,3,44,1,52,111,584,21,1,1,23,443,0,0,2,0,144,0,0,3,1,335,27,1,6,26,140,33,2,24,58,36,39,0,0,5
31,3188,2015,53000000,2.35,123,395,2,0,3,7,228,73,3,71,142,308,58,1,14,64,65,56,1,26,1,115,23,0,7,25,391,0,0,0,1,210,30,0,0,3,197,27,0,0,5
31,3155,2012,25000000,2.35,101,397,38,2,3,3,443,32,0,35,35,617,0,2,8,12,77,0,1,8,1,133,53,1,4,21,603,2,1,1,16,5,36,1,5,6,95,12,0,0,0
26,2927,2012,120000000,1.85,127,19,20,2,93,91,400,0,0,4,8,246,119,0,33,28,55,1,0,0,0,156,26,1,24,47,613,2,0,0,1,48,18,1,15,18,26,19,0,1,5
22,2771,2010,40000000,2.39,120,97,84,2,56,128,209,16,1,10,47,543,0,2,16,53,92,2,0,0,0,213,8,1,36,88,3,4,1,84,136,146,27,2,1,28,155,12,3,4,15
31,3222,2011,60000000,1.85,106,426,29,1,21,76,158,0,1,12,42,626,20,0,0,0,382,0,0,4,0,36,5,0,17,32,538,5,0,0,9,321,16,1,21,76,239,48,0,0,4
31,3222,2011,60000000,1.85,106,426,29,1,21,76,158,0,1,12,42,626,20,0,0,0,382,0,0,4,0,36,5,0,17,32,538,5,0,0,9,321,16,1,21,76,239,48,0,0,4
10,3232,2016,90000000,2.39,129,222,16,0,2,2,209,34,1,16,53,421,59,3,27,120,749,80,3,24,3,25,67,2,11,16,173,17,0,1,2,248,50,1,2,10,18,49,3,3,15
22,3174,2011,57000000,2.35,96,277,3,0,0,0,325,60,1,34,59,655,0,0,3,8,142,72,0,8,0,54,5,0,1,1,534,8,0,3,6,30,65,0,2,2,42,7,0,0,0
22,3174,2011,57000000,2.35,96,277,3,0,0,0,325,60,1,34,59,655,0,0,3,8,142,72,0,8,0,54,5,0,1,1,534,8,0,3,6,30,65,0,2,2,42,7,0,0,0
26,2907,2012,12000000,1.85,89,236,4,0,1,2,99,10,0,2,5,6,4,0,0,3,503,20,1,32,1,140,0,0,1,2,406,6,0,0,1,96,0,0,0,0,374,0,0,0,1
31,3043,2011,30000000,2.39,113,189,4,0,0,5,270,80,1,12,39,152,0,0,17,19,316,0,2,7,2,106,31,1,8,18,455,3,0,0,0,103,24,0,0,3,340,78,2,5,13
31,3043,2011,30000000,2.39,113,189,4,0,0,5,270,80,1,12,39,152,0,0,17,19,316,0,2,7,2,106,31,1,8,18,455,3,0,0,0,103,24,0,0,3,340,78,2,5,13
29,3384,2016,35000000,2.35,92,314,5,0,2,8,387,70,1,8,30,669,44,0,35,35,646,0,2,8,2,144,9,0,3,1,31,5,0,0,1,30,79,0,2,2,228,28,0,0,1
29,3192,2012,50000000,1.85,113,220,2,0,0,0,191,37,0,7,15,13,0,0,5,17,130,27,0,2,0,126,9,0,0,5,316,4,0,0,0,63,48,0,0,1,291,40,0,0,1
17,3223,2013,28000000,2.35,115,259,71,3,8,7,241,0,1,3,7,244,0,0,0,0,368,21,0,0,0,55,31,0,0,3,128,4,0,0,1,325,41,0,0,1,229,13,0,0,0
29,2840,2011,50200000,1.85,106,159,0,0,0,4,295,55,1,24,136,179,0,1,11,89,451,0,0,0,0,210,30,15,55,106,214,4,0,0,4,169,28,2,6,16,197,20,0,0,5
21,3012,2012,65000000,2.39,95,333,12,0,2,3,317,0,0,3,19,591,0,0,0,2,520,0,0,11,0,227,13,0,0,1,467,10,0,2,3,112,55,0,1,2,398,60,1,3,8
21,2942,2009,87000000,2.39,92,148,1,4,8,19,106,0,0,0,0,283,63,1,30,94,581,14,0,0,0,177,14,2,27,100,365,0,0,0,1,166,24,1,1,3,189,23,3,5,15
31,3260,2013,46000000,1.85,153,115,11,1,69,76,167,38,1,23,93,258,29,1,28,93,737,0,1,90,1,116,2,2,9,56,2,1,0,0,5,287,79,2,159,152,326,43,0,8,13
25,2992,2012,30000000,2.39,113,362,10,1,26,59,231,60,2,13,58,71,90,1,11,33,219,0,1,12,1,160,0,0,0,4,492,5,1,26,59,318,21,0,0,1,357,35,2,3,17
21,2206,2010,32000000,2.35,107,210,3,0,1,1,81,27,0,9,52,227,27,1,9,19,487,47,1,12,1,169,20,1,0,1,471,0,1,0,2,221,28,0,1,4,271,9,0,0,0
10,2874,2010,1800000,1.85,87,87,2,0,2,2,338,79,0,2,2,40,0,0,3,6,288,0,0,0,0,158,4,1,2,7,231,5,0,4,2,353,12,0,0,1,312,0,0,0,0
16,3277,2013,26000000,2.39,129,289,52,0,9,15,290,48,2,15,69,163,62,0,15,64,45,32,0,7,0,200,33,0,8,3,104,6,1,4,18,22,13,0,0,1,145,0,1,5,16
22,3482,2011,80000000,2.35,102,137,6,0,0,0,256,19,1,1,13,546,0,0,11,46,442,0,0,2,0,191,21,2,2,-2,448,15,0,0,2,221,30,0,1,4,291,36,0,0,1
10,3065,2010,30000000,2.35,117,285,2,1,5,18,1,24,1,5,20,203,52,0,0,2,237,17,0,3,0,132,9,0,6,6,260,2,0,2,5,20,0,0,0,0,344,11,2,0,8
